﻿<?xml version="1.0" encoding="utf-8"?>
<!DOCTYPE configuration PUBLIC
"-//mybatis.org//DTD Config 3.0//EN"
"http://mybatis.org/dtd/mybatis-3-config.dtd">
<configuration>
	<!-- 마이바티스 설정과 관련된 태그 -->
	<settings>
		<!-- 만약에 Null 값이 들어온다면 DB에서도
		    Null 이라고 받아라! -->
		<setting name="jdbcTypeForNull" value="NULL"/>
	</settings>

	<!-- 마이바티스에서 사용하기 위한 
	    VO 클래스의 별칭을 정의하는 태그 -->
	<typeAliases>
		<!-- 
			<typeAlias type="실제 VO객체" alias="mybatis에서 사용할 클래스 별칭">
		 -->
		<typeAlias type="com.kh.jejour.member.model.vo.Member" alias="Member"/>
		<typeAlias type="com.kh.jejour.flashBoard.model.vo.FlashBoard" alias="FlashBoard"/>
		<typeAlias type="com.kh.jejour.flashComment.model.vo.FlashComment" alias="FlashComment"/>
		<typeAlias type="com.kh.jejour.hotspotBoard.model.vo.HotspotBoard" alias="HotspotBoard"/>
		<typeAlias type="com.kh.jejour.hotspotComment.model.vo.HotspotComment" alias="HotspotComment"/>
		<typeAlias type="com.kh.jejour.hotspotLike.model.vo.HotspotLike" alias="HotspotLike"/>
		<typeAlias type="com.kh.jejour.planner.model.vo.Planner" alias="Planner"/>
		<typeAlias type="com.kh.jejour.plannerPart.model.vo.PlannerPart" alias="PlannerPart"/>
		<typeAlias type="com.kh.jejour.plannerLike.model.vo.PlannerLike" alias="PlannerLike"/>
		<typeAlias type="com.kh.jejour.visitCount.model.vo.VisitCount" alias="VisitCount"/>
	</typeAliases>
	
	<typeHandlers>
		<!-- 특정 타입을 변경해주는 typeHanlder 등록 태그 -->
		<package name="com.kh.jejour.common"/>
	</typeHandlers>
</configuration>










